"","Estimate","Std. Error","z value","Pr(>|z|)"
"(Intercept)",-0.714453335962918,0.308940350268153,-2.31259314409008,0.0207450188299079
"characteristics",2.87748523532625,0.203670497667225,14.1281396583404,2.54786445393245e-45
"altitude_mean_meters",0.00050134942414955,0.000218699772172199,2.29240944867011,0.0218820273072553
