"","Estimate","Std. Error","z value","Pr(>|z|)"
"(Intercept)",-0.71445333596292,0.308940350268154,-2.31259314409008,0.0207450188299078
"characteristics",2.87748523532626,0.203670497667226,14.1281396583404,2.54786445393264e-45
"altitude_mean_meters",0.000501349424149552,0.0002186997721722,2.29240944867011,0.0218820273072551
